{
    "logistic_regression": {
        "accuracy": 0.7987709018150636,
        "precision": 0.7992779344641281,
        "recall": 0.7987709018150636,
        "f1_score": 0.7986856357933961,
        "confusion_matrix": [
            [
                5733,
                1264
            ],
            [
                1552,
                5445
            ]
        ]
    },
    "decision_tree": {
        "accuracy": 0.7219522652565386,
        "precision": 0.7244697713611836,
        "recall": 0.7219522652565386,
        "f1_score": 0.7211704728658987,
        "confusion_matrix": [
            [
                5422,
                1575
            ],
            [
                2316,
                4681
            ]
        ]
    }
}