{
    "logistic_regression": {
        "best_params": {
            "C": 10
        },
        "accuracy": 0.7991996569958554,
        "precision": 0.799707417268908,
        "recall": 0.7991996569958554,
        "f1_score": 0.79911457264895,
        "confusion_matrix": [
            [
                5736,
                1261
            ],
            [
                1549,
                5448
            ]
        ]
    },
    "decision_tree": {
        "best_params": {
            "max_depth": 10
        },
        "accuracy": 0.7218808060597399,
        "precision": 0.724404376227665,
        "recall": 0.7218808060597399,
        "f1_score": 0.7210966947238087,
        "confusion_matrix": [
            [
                5422,
                1575
            ],
            [
                2317,
                4680
            ]
        ]
    },
    "svm": {
        "best_params": {
            "C": 1,
            "kernel": "rbf"
        },
        "accuracy": 0.8310704587680434,
        "precision": 0.8324332733320678,
        "recall": 0.8310704587680435,
        "f1_score": 0.8308971489290887,
        "confusion_matrix": [
            [
                6039,
                958
            ],
            [
                1406,
                5591
            ]
        ]
    }
}