{
    "bert_finetuned": {
        "accuracy": 0.9048163498642275,
        "precision": 0.9184517654010932,
        "recall": 0.8885236529941404,
        "f1_score": 0.9032398663373529,
        "confusion_matrix": [
            [
                6445,
                552
            ],
            [
                780,
                6217
            ]
        ]
    }
}