{
    "DistilBERT_Embeddings": {
        "logistic_regression": {
            "best_params": {
                "C": 1
            },
            "accuracy": 0.8779476918679434,
            "precision": 0.8786530856682773,
            "recall": 0.8779476918679434,
            "f1_score": 0.8778908224932853,
            "confusion_matrix": [
                [
                    6294,
                    703
                ],
                [
                    1005,
                    5992
                ]
            ]
        },
        "decision_tree": {
            "best_params": {
                "max_depth": 10
            },
            "accuracy": 0.776404173217093,
            "precision": 0.7767893025240721,
            "recall": 0.776404173217093,
            "f1_score": 0.7763263674002433,
            "confusion_matrix": [
                [
                    5563,
                    1434
                ],
                [
                    1695,
                    5302
                ]
            ]
        },
        "svm": {
            "best_params": {
                "C": 1,
                "kernel": "linear"
            },
            "accuracy": 0.8809489781334858,
            "precision": 0.8823663215259683,
            "recall": 0.8809489781334858,
            "f1_score": 0.880838552161568,
            "confusion_matrix": [
                [
                    6377,
                    620
                ],
                [
                    1046,
                    5951
                ]
            ]
        }
    }
}