{
    "logistic_regression": {
        "accuracy": 0.8843075603830213,
        "precision": 0.8997918525126375,
        "recall": 0.8649421180505931,
        "f1_score": 0.8842641570859251,
        "confusion_matrix": [
            [
                6323,
                674
            ],
            [
                945,
                6052
            ]
        ]
    },
    "decision_tree": {
        "accuracy": 0.8531513505788195,
        "precision": 0.8572874493927125,
        "recall": 0.8473631556381306,
        "f1_score": 0.8531464305142117,
        "confusion_matrix": [
            [
                6010,
                987
            ],
            [
                1068,
                5929
            ]
        ]
    },
    "svm": {
        "accuracy": 0.8858796627125911,
        "precision": 0.9045549895115373,
        "recall": 0.8627983421466343,
        "f1_score": 0.8858188329974152,
        "confusion_matrix": [
            [
                6360,
                637
            ],
            [
                960,
                6037
            ]
        ]
    }
}