{
    "logistic_regression": {
        "accuracy": 0.8843075603830213,
        "precision": 0.8997918525126375,
        "recall": 0.8649421180505931,
        "f1_score": 0.8820228812941776,
        "confusion_matrix": [
            [
                6323,
                674
            ],
            [
                945,
                6052
            ]
        ]
    },
    "decision_tree": {
        "accuracy": 0.8552236672859798,
        "precision": 0.8627937527368268,
        "recall": 0.84479062455338,
        "f1_score": 0.8536972848064702,
        "confusion_matrix": [
            [
                6057,
                940
            ],
            [
                1086,
                5911
            ]
        ]
    }
}