{
    "logistic_regression": {
        "accuracy": 0.862083750178648,
        "precision": 0.8625465786643105,
        "recall": 0.862083750178648,
        "f1_score": 0.8620397200103698,
        "confusion_matrix": [
            [
                6157,
                840
            ],
            [
                1090,
                5907
            ]
        ]
    },
    "decision_tree": {
        "accuracy": 0.8062026582821209,
        "precision": 0.8070244587186608,
        "recall": 0.8062026582821209,
        "f1_score": 0.8060728889917941,
        "confusion_matrix": [
            [
                5822,
                1175
            ],
            [
                1537,
                5460
            ]
        ]
    }
}