{
    "logistic_regression": {
        "best_params": {
            "C": 10
        },
        "accuracy": 0.8632985565242247,
        "precision": 0.8638363144945935,
        "recall": 0.8632985565242246,
        "f1_score": 0.8632480259277096,
        "confusion_matrix": [
            [
                6175,
                822
            ],
            [
                1091,
                5906
            ]
        ]
    },
    "decision_tree": {
        "best_params": {
            "max_depth": 10
        },
        "accuracy": 0.8052022295269401,
        "precision": 0.8063270762596095,
        "recall": 0.8052022295269401,
        "f1_score": 0.8050232386786639,
        "confusion_matrix": [
            [
                5846,
                1151
            ],
            [
                1575,
                5422
            ]
        ]
    },
    "svm": {
        "best_params": {
            "C": 1,
            "kernel": "rbf"
        },
        "accuracy": 0.8764470487351722,
        "precision": 0.8778018274113673,
        "recall": 0.8764470487351722,
        "f1_score": 0.8763361856539631,
        "confusion_matrix": [
            [
                6342,
                655
            ],
            [
                1074,
                5923
            ]
        ]
    }
}